,dataset_id,collection_id
0,fe737bb8-d231-463c-8c3c-1a6256abf5f1,26b5b4f6-828c-4791-b4a3-abb19e3b1952
1,fa38ab80-1d63-41ff-bb16-b6ba0f206110,35d0b748-3eed-43a5-a1c4-1dade5ec5ca0
2,21cea3b3-659f-490f-8b15-9f9e9bb2ec5d,de13e3e2-23b6-40ed-a413-e9e12d7d3910
3,046d2e35-2ee6-4159-8db7-7b1039fe0005,de13e3e2-23b6-40ed-a413-e9e12d7d3910
4,e59bb623-45d1-4462-a949-81cfaf46402f,de13e3e2-23b6-40ed-a413-e9e12d7d3910
5,bb42b6c1-9e2e-403a-9409-3ad28d72609d,de13e3e2-23b6-40ed-a413-e9e12d7d3910
6,61677140-eb79-41d6-aad6-254f7d0bc9ae,a261413d-835b-4f1e-ab0c-dada55ea6afd
7,3be466a4-26ca-4b61-b67a-c92714023e43,2902f08c-f83c-470e-a541-e463e25e5058
8,3b2b24ca-523e-4385-92ad-09fdcf72c3a8,a238e9fa-2bdf-41df-8522-69046f99baff
9,2599d056-65a7-4e81-8258-9028720124ab,4f889ffc-d4bc-4748-905b-8eb9db47a2ed
10,0c6f2c74-8d27-4c1f-b63a-a766bc9f9490,cdfb9ead-cb58-4a53-879d-5e4ed5329e73
11,4e74cb9d-f8f5-43a3-a602-cfee6195cb59,4195ab4c-20bd-4cd3-8b3d-65601277e731
12,93c62ade-711e-49a5-a2c8-043acdf8c489,4195ab4c-20bd-4cd3-8b3d-65601277e731
13,3cc5cb70-7442-4f51-835c-e8205c32da58,4195ab4c-20bd-4cd3-8b3d-65601277e731
14,60019e79-b270-4ec3-859e-b70b222a9b20,4195ab4c-20bd-4cd3-8b3d-65601277e731
15,ecebae2c-fbb2-4fa5-a73c-c249110848f7,4195ab4c-20bd-4cd3-8b3d-65601277e731
16,ad925422-3011-470b-9b57-aabbe567f075,4195ab4c-20bd-4cd3-8b3d-65601277e731
17,ab96b7c1-9dc2-4bb5-9699-aaa4a18954d6,4195ab4c-20bd-4cd3-8b3d-65601277e731
18,cd74e95e-6583-4875-a0ba-f2eae5a1e5a6,4195ab4c-20bd-4cd3-8b3d-65601277e731
19,d71044a8-2326-4ec0-b6c4-27d10aa15426,4195ab4c-20bd-4cd3-8b3d-65601277e731
20,48450fdc-ff62-4984-81a8-10e0cda35e16,4195ab4c-20bd-4cd3-8b3d-65601277e731
21,9e4d4c25-a7b9-4456-8f60-0b73502fa0b4,4195ab4c-20bd-4cd3-8b3d-65601277e731
22,d340d713-d16f-4d39-afea-b7bccf55374f,4195ab4c-20bd-4cd3-8b3d-65601277e731
23,d6f77d6a-6a1e-4bf9-9d8b-c0577eefe438,4195ab4c-20bd-4cd3-8b3d-65601277e731
24,27b49e7c-0d90-42c8-8ee2-a7ba6e2d45ce,4195ab4c-20bd-4cd3-8b3d-65601277e731
25,d0f354a2-91e0-49de-8085-5035ab0f57f4,4195ab4c-20bd-4cd3-8b3d-65601277e731
26,190bf55d-412e-45c8-b7eb-25937437c749,4195ab4c-20bd-4cd3-8b3d-65601277e731
27,38b93dd0-5edd-47a1-880d-fdccaa66c62a,4195ab4c-20bd-4cd3-8b3d-65601277e731
28,37e6e34e-ef55-4d85-a75f-e006c272ffe5,4195ab4c-20bd-4cd3-8b3d-65601277e731
29,29cf079b-e74c-4153-8090-632085c8d405,4195ab4c-20bd-4cd3-8b3d-65601277e731
30,d6bdb56c-05a5-4d7b-ad31-4614e673ba66,125eef58-0f61-4963-9b08-53e851ab65fb
31,a25c9bbf-08bb-4be9-8516-f81f3604c9e5,c353707f-09a4-4f12-92a0-cb741e57e5f0
32,74233cea-da4e-48d7-9caf-00d1346d1e5e,348da6dc-5bf6-435d-adc5-37747b9ae38a
33,998d8dbd-2f42-4611-9973-2da95db46c29,38833785-fac5-48fd-944a-0f62a4c23ed1
34,5297a910-453f-4e3f-af16-e18fd5a79090,e5f58829-1a66-40b5-a624-9046778e74f5
35,13c0b826-87e9-4c86-8412-1bf76dc19fb2,e5f58829-1a66-40b5-a624-9046778e74f5
36,04d653da-de2c-4dd4-8732-30becd8e2a8a,e5f58829-1a66-40b5-a624-9046778e74f5
37,fcb1d44a-bb34-48df-b5d4-201be3590d4b,e5f58829-1a66-40b5-a624-9046778e74f5
38,7ae94573-bd9b-40e2-b1ca-d0db42d20c2b,e5f58829-1a66-40b5-a624-9046778e74f5
39,37ada0d2-9970-4ff2-8bcd-41e80ab6e081,e5f58829-1a66-40b5-a624-9046778e74f5
40,7d481ffa-0c95-49c1-811a-071bcc8505e4,e5f58829-1a66-40b5-a624-9046778e74f5
41,7995d395-6682-4f73-9b9d-3dad498d22b6,e5f58829-1a66-40b5-a624-9046778e74f5
42,a14eaf68-1d69-46cb-9335-b549cc030e55,e5f58829-1a66-40b5-a624-9046778e74f5
43,caaae06a-80e1-4805-a0b0-ccb32391206f,e5f58829-1a66-40b5-a624-9046778e74f5
44,bd265e27-eee1-49f5-ab58-8d7229b20525,e5f58829-1a66-40b5-a624-9046778e74f5
45,03ef1940-af49-4bb0-89c4-9be29ba5ad0f,e5f58829-1a66-40b5-a624-9046778e74f5
46,0b29f4ce-5e72-4356-b74b-b54714979234,e5f58829-1a66-40b5-a624-9046778e74f5
47,9405995f-b1c6-485c-8cc9-b80b9e870057,e5f58829-1a66-40b5-a624-9046778e74f5
48,f849902f-42a8-48a6-9e01-b07727951428,e5f58829-1a66-40b5-a624-9046778e74f5
49,1cda78aa-f0d9-4d50-96bf-8bc309318802,e5f58829-1a66-40b5-a624-9046778e74f5
50,c7679ec2-652d-437a-bded-3ec2344829e4,e5f58829-1a66-40b5-a624-9046778e74f5
51,b79122e0-7f34-4c9e-9e36-b34748b17ff0,e5f58829-1a66-40b5-a624-9046778e74f5
52,4676160f-b0f6-4dea-a104-c2ef86c74674,e5f58829-1a66-40b5-a624-9046778e74f5
53,a924d7ef-4364-475d-8fbc-063a2c0d5577,e5f58829-1a66-40b5-a624-9046778e74f5
54,30ce2dab-eee3-4ab5-89ba-546ab8d68d76,e5f58829-1a66-40b5-a624-9046778e74f5
55,bd13c169-af97-4d8f-ba45-7588808c2e48,e5f58829-1a66-40b5-a624-9046778e74f5
56,f89fa18f-c32b-4bae-9511-1a4d18f200e1,e5f58829-1a66-40b5-a624-9046778e74f5
57,8bceb84c-c716-490c-9c2f-683134a13b84,e5f58829-1a66-40b5-a624-9046778e74f5
58,08fd9830-ee4d-4a7a-93e5-c17a477b697c,e5f58829-1a66-40b5-a624-9046778e74f5
59,63aeab75-143c-42ed-9539-c3ab0af17059,e5f58829-1a66-40b5-a624-9046778e74f5
60,e9ec2d80-03ef-47cd-9dd7-a193079eb53f,e5f58829-1a66-40b5-a624-9046778e74f5
61,b783b036-c837-4290-a07d-f6b79a301f59,e5f58829-1a66-40b5-a624-9046778e74f5
62,ac7714f0-dce2-40ba-9912-324de6c9a77f,e5f58829-1a66-40b5-a624-9046778e74f5
63,87c70ea0-3c28-4ba0-955f-615a66cd2190,e4c9ed14-e560-4900-a3bf-b0f8d2ce6a10
64,8e4f11f7-1cc8-4b0b-a58f-93be7bdd9d81,3a2af25b-2338-4266-aad3-aa8d07473f50
65,073f8754-d44d-4051-a6eb-94c73365cb1a,3a2af25b-2338-4266-aad3-aa8d07473f50
66,8603518f-fad7-4c72-bfff-62534074ce98,3a2af25b-2338-4266-aad3-aa8d07473f50
67,a77f84a6-501a-47bb-8f97-4b69faddafad,3a2af25b-2338-4266-aad3-aa8d07473f50
68,397bb32e-c04d-4358-ad09-da0a82413af6,3a2af25b-2338-4266-aad3-aa8d07473f50
69,e09e81de-a537-4a60-ac60-209802e3224e,7651ac1a-f947-463a-9223-a9e408a41989
70,22ae0968-54a2-43b5-bcc9-b165023e55e4,ed9185e3-5b82-40c7-9824-b2141590c7f0
71,bd62be4b-4685-40a0-8cbc-daa4794448fc,ed9185e3-5b82-40c7-9824-b2141590c7f0
72,2d27450f-98f8-4f3c-b117-63137b0d7172,661a402a-2a5a-4c71-9b05-b346c57bc451
73,bab71749-50d2-439a-b626-126184385493,661a402a-2a5a-4c71-9b05-b346c57bc451
74,47c3fc6a-c5d5-4565-aac5-9cd75340541b,661a402a-2a5a-4c71-9b05-b346c57bc451
75,4e1430b1-6867-4ebd-bb61-b3913a5d38f2,661a402a-2a5a-4c71-9b05-b346c57bc451
76,12ea7f6a-15fa-45b6-ae28-f1a239e566ad,661a402a-2a5a-4c71-9b05-b346c57bc451
77,fc3a60fb-37c9-490d-997d-256b6a63c1ec,939769a8-d8d2-4d01-abfc-55699893fd49
78,0242eb2c-5e3c-44fd-bf35-17fafa488581,939769a8-d8d2-4d01-abfc-55699893fd49
79,347b5c32-22c4-4ae8-8169-12e8db166908,939769a8-d8d2-4d01-abfc-55699893fd49
80,98706a19-8fe7-4628-a461-fcefc95addcf,939769a8-d8d2-4d01-abfc-55699893fd49
81,1be8b4f1-5fc7-4e89-b858-2b4a95632dd2,939769a8-d8d2-4d01-abfc-55699893fd49
82,6b8ff16b-c9ee-4e91-a8ac-21cc4b638414,939769a8-d8d2-4d01-abfc-55699893fd49
83,9ea71d8c-7ffa-4f25-9015-c7685469b94d,939769a8-d8d2-4d01-abfc-55699893fd49
84,6b13b3f3-3488-4939-aa4b-1e091e1e3cbb,939769a8-d8d2-4d01-abfc-55699893fd49
85,99b3f0db-e0b8-410f-8331-a4f95a902a3d,939769a8-d8d2-4d01-abfc-55699893fd49
86,890b91e0-e613-4de6-acab-963c6432692e,939769a8-d8d2-4d01-abfc-55699893fd49
87,46f7207f-ec1a-434c-8613-d42a390f7b53,74e10dc4-cbb2-4605-a189-8a1cd8e44d8c
88,11dcaeeb-9c66-47c2-82cd-4704bb313b79,74e10dc4-cbb2-4605-a189-8a1cd8e44d8c
89,6811d040-4e33-4592-80a7-4521e6aa95e8,74e10dc4-cbb2-4605-a189-8a1cd8e44d8c
90,a5ed1f1a-2ce2-45fd-aaed-e78bf86f4acb,74e10dc4-cbb2-4605-a189-8a1cd8e44d8c
91,12e2497c-6f06-4597-9aed-3a72b241ffbf,62ef75e4-cbea-454e-a0ce-998ec40223d3
92,d12e27bf-1bd7-4b89-bd18-48fdf3cf0ffe,62ef75e4-cbea-454e-a0ce-998ec40223d3
93,bd0cb1ab-7499-4db0-8e72-fd03acc5e374,62ef75e4-cbea-454e-a0ce-998ec40223d3
94,ea349887-1948-4e42-aa14-9d4311cb73ae,62ef75e4-cbea-454e-a0ce-998ec40223d3
95,65ec42a9-caad-46bd-8304-d1ac3909a160,1a486c4c-c115-4721-8c9f-f9f096e10857
96,af3a707d-c433-4efd-852c-c40d0eb4d507,10bf5c50-8d85-4c5f-94b4-22c1363d9f31
97,4f0e2839-4ee4-4ae7-9477-eeac226af408,d36ca85c-3e8b-444c-ba3e-a645040c6185
98,dc633839-b1cc-41e4-84a6-83ddfe129f13,d36ca85c-3e8b-444c-ba3e-a645040c6185
99,94a49233-422e-47c5-b668-00fa23fc3b31,d36ca85c-3e8b-444c-ba3e-a645040c6185
100,e3b92563-0174-4383-b782-a7c994b9a65c,d36ca85c-3e8b-444c-ba3e-a645040c6185
101,4ab9d363-6d34-40fb-8d39-adb54d98a3b1,62e8f058-9c37-48bc-9200-e767f318a8ec
102,82099741-6c9d-4c29-9be3-22dd6abcd9a5,62e8f058-9c37-48bc-9200-e767f318a8ec
103,2b9f0ca0-1f08-4e18-b617-9750790239a0,62e8f058-9c37-48bc-9200-e767f318a8ec
104,ec26cd3f-630b-40bb-9069-e73a6dd138ef,62e8f058-9c37-48bc-9200-e767f318a8ec
105,aa0c4b0a-e79f-4d87-af19-a2c0106b37b2,62e8f058-9c37-48bc-9200-e767f318a8ec
106,da76b084-39ac-4b59-b4e7-99e510ccc29e,62e8f058-9c37-48bc-9200-e767f318a8ec
107,c9b62dc2-1293-476e-b8ba-fbe44da92874,62e8f058-9c37-48bc-9200-e767f318a8ec
108,d911f2ec-cb13-4067-9ea3-4387d2e9775c,a48f5033-3438-4550-8574-cdff3263fdfd
109,9d54f91d-6783-49e3-91d2-1c77f69a13d4,a48f5033-3438-4550-8574-cdff3263fdfd
110,648e7079-3b26-46db-825b-0fbb37c7eedb,a48f5033-3438-4550-8574-cdff3263fdfd
111,8ab9c98d-6c99-45aa-a67b-7a72f11d4ab5,2a0b02c0-fea6-47bd-92b9-9b03f5d2580c
112,967c90a9-d1e4-4f83-8289-ec674addfc9d,6b701826-37bb-4356-9792-ff41fc4c3161
113,f2b2af79-466e-4032-bfef-9128ca41c7f6,a18474f4-ff1e-4864-af69-270b956cee5b
114,dc4c8ae2-3a90-499b-9ca3-8bd4b7229ad7,a18474f4-ff1e-4864-af69-270b956cee5b
115,21558e94-3793-4c6e-9d33-b2a1dfe9c445,a18474f4-ff1e-4864-af69-270b956cee5b
116,0bf337e1-befd-4898-912f-5004bfc04e84,a18474f4-ff1e-4864-af69-270b956cee5b
117,d4e0d155-96a7-4fe8-af18-f7194d4310f3,a18474f4-ff1e-4864-af69-270b956cee5b
118,107cfb8a-8faa-46a6-ad31-1ba96fe15fc6,a18474f4-ff1e-4864-af69-270b956cee5b
119,40835588-540d-4d0b-a3bd-5bf95c49bd2d,a18474f4-ff1e-4864-af69-270b956cee5b
120,6a66367f-1cb7-48c1-a5a3-d924ce15e1ee,a18474f4-ff1e-4864-af69-270b956cee5b
121,046077bf-f256-4e72-81cc-2e672a593ba2,e33ffcd3-7cbf-4b8c-b0f4-85587ad5019a
122,f19bd665-2ce5-4fb8-960a-ccf9e0539f73,32f2fd23-ec74-486f-9544-e5b2f41725f5
123,ac28a98e-445d-4f0a-ba0d-65f24547d96d,32f2fd23-ec74-486f-9544-e5b2f41725f5
124,69223a49-0831-473f-983c-6eb7f02c99bc,32f2fd23-ec74-486f-9544-e5b2f41725f5
125,098a8b52-c44e-42b7-81ef-ca5d40d00472,2f75d249-1bec-459b-bf2b-b86221097ced
126,e10e5e38-27b8-4b98-9691-eebdf1c6aded,43d4bb39-21af-4d05-b973-4c1fed7b916c
127,d86a95b8-5aae-4a85-b9df-f8b4b50375d2,9b02383a-9358-4f0f-9795-a891ec523bcc
128,aad63159-7248-4ba3-93a7-62d1af32e045,9b02383a-9358-4f0f-9795-a891ec523bcc
129,697a3cac-4830-4e46-a00b-43156a72d6fb,7681c7d7-0168-4892-a547-6f02a6430ace
130,08fab0b3-71dd-4236-a680-2a108cc22a60,8f126edf-5405-4731-8374-b5ce11f53e82
131,e24d5050-b953-4596-baac-edeb4bc0ae2b,03f821b4-87be-4ff4-b65a-b5fc00061da7
132,9b080640-e7c4-4d3a-88a7-68957e65eb26,03f821b4-87be-4ff4-b65a-b5fc00061da7
133,153ddfb5-c677-47fd-b584-7f9157fca6b3,64b24fda-6591-4ce1-89e7-33eb6c43ad7b
134,eab6ad1d-665b-4ea7-9bbb-59f30e610322,dde06e0f-ab3b-46be-96a2-a8082383c4a1
135,9895170d-08e2-4f1e-ba34-605bc47ce8f6,51544e44-293b-4c2b-8c26-560678423380
136,b0381820-6536-487a-85d2-b5994ae0f1c8,b0cf0afa-ec40-4d65-b570-ed4ceacc6813
137,4040d502-f0ff-4f0b-84d9-3c72080eb812,2f4c738f-e2f3-4553-9db2-0582a38ea4dc
138,9661f14d-7f4a-484a-ac8d-9dba828f4cd9,2f4c738f-e2f3-4553-9db2-0582a38ea4dc
139,5f77d41f-61fc-4ee1-b298-6687fc349deb,2f4c738f-e2f3-4553-9db2-0582a38ea4dc
140,77c52459-e40a-4551-8300-b86a9841a65c,33d19f34-87f5-455b-8ca5-9023a2e5453d
141,06ccc65e-c5d4-447d-85c0-cc64f8e3250e,a9254216-6cd8-4186-b32c-349363777584
142,fd5f3dda-2d9c-4323-a508-3586d50130a6,8e880741-bf9a-4c8e-9227-934204631d2a
143,4fa515a9-a791-4227-a706-e98f6fae7a11,8e880741-bf9a-4c8e-9227-934204631d2a
144,bd63e56e-70c2-4d95-a835-998fd4b3f92c,8e880741-bf9a-4c8e-9227-934204631d2a
145,cf4b8fb8-bc02-42fd-805a-cf827158c547,8e880741-bf9a-4c8e-9227-934204631d2a
146,25986e7e-0fa6-4cb8-802b-0aeb5953a41b,8e880741-bf9a-4c8e-9227-934204631d2a
147,59f05a2b-0c84-4649-9abe-bfa5e8240f2e,8e880741-bf9a-4c8e-9227-934204631d2a
148,7fef55af-ac3f-48ae-940a-1dcf515fb3d6,8e880741-bf9a-4c8e-9227-934204631d2a
149,1e821524-e7f7-42fd-aeb9-be6e07363d94,8e880741-bf9a-4c8e-9227-934204631d2a
150,007bdc6d-7b76-43a8-adf6-27285d491853,8e880741-bf9a-4c8e-9227-934204631d2a
151,c546a784-39d1-43ce-bb20-f7937ae45e6d,8e880741-bf9a-4c8e-9227-934204631d2a
152,2793403d-db0f-440b-a455-39e23af2a848,8e880741-bf9a-4c8e-9227-934204631d2a
153,cc9f9328-c139-4431-9cdb-421e1ff07c23,8e880741-bf9a-4c8e-9227-934204631d2a
154,cb792f0b-95e5-4285-b803-b2b27d5eddd5,8e880741-bf9a-4c8e-9227-934204631d2a
155,b55aa8f4-f479-4ed1-8e34-137c647eab7f,8e880741-bf9a-4c8e-9227-934204631d2a
156,95a2cd86-9563-49a7-8f59-836cf406d333,8e880741-bf9a-4c8e-9227-934204631d2a
157,3aa64b73-409b-417c-8669-77904def4938,8e880741-bf9a-4c8e-9227-934204631d2a
158,4bb26a38-0787-4aaf-b96c-206aaa306a11,8e880741-bf9a-4c8e-9227-934204631d2a
159,2ba2b4cd-ac62-4d19-9c9b-001ee47e4d11,8e880741-bf9a-4c8e-9227-934204631d2a
160,733425a2-b744-464a-900c-5e3edefb96a2,8e880741-bf9a-4c8e-9227-934204631d2a
161,40a536aa-f210-49c8-95d0-1b4c70c3fa43,8e880741-bf9a-4c8e-9227-934204631d2a
162,f416fe91-df4b-4c48-a82f-4e65aad3adc5,8e880741-bf9a-4c8e-9227-934204631d2a
163,a7df7806-0335-41e9-b8f8-f49455aaa3c2,8e880741-bf9a-4c8e-9227-934204631d2a
164,9f738be7-15b7-423e-87bc-80b4102cd93f,8e880741-bf9a-4c8e-9227-934204631d2a
165,b5809910-9bf8-4543-b61f-3f04be276799,8e880741-bf9a-4c8e-9227-934204631d2a
166,fe93a182-ea83-41e4-8684-aeab27642e04,8e880741-bf9a-4c8e-9227-934204631d2a
167,7774cf80-772c-4b6e-8e4f-00d99fe03325,8e880741-bf9a-4c8e-9227-934204631d2a
168,cfcfe4d6-6507-4b2a-8369-fbd239eb5cee,8e880741-bf9a-4c8e-9227-934204631d2a
169,c7819654-d26f-4cb9-9c0e-1847cb32bd2b,8e880741-bf9a-4c8e-9227-934204631d2a
170,3647a268-595b-40f4-9c67-e115799e579a,8e880741-bf9a-4c8e-9227-934204631d2a
171,e09943da-1928-421d-a532-80991afbd326,8e880741-bf9a-4c8e-9227-934204631d2a
172,8cd6b10d-afd9-427d-8f74-6f441edf09c5,8e880741-bf9a-4c8e-9227-934204631d2a
173,7645b870-3257-4346-a4ea-8a10968105be,8e880741-bf9a-4c8e-9227-934204631d2a
174,effb4354-0071-4e83-9f73-9f4e1515591a,8e880741-bf9a-4c8e-9227-934204631d2a
175,a53d489f-b70c-4b9b-bdfc-781aaebbc653,8e880741-bf9a-4c8e-9227-934204631d2a
176,7c59cd43-9221-499e-8a3e-c7df12044221,8e880741-bf9a-4c8e-9227-934204631d2a
177,e8893285-28ee-4489-936c-adc60cd5fafa,8e880741-bf9a-4c8e-9227-934204631d2a
178,58b709be-ff6a-4fa9-b2bc-f22f70ae7109,8e880741-bf9a-4c8e-9227-934204631d2a
179,51a81267-bbcf-48d8-9086-6b1329de7245,8e880741-bf9a-4c8e-9227-934204631d2a
180,98b1f291-3aa8-4bac-9bf2-ff44b5060d3a,8e880741-bf9a-4c8e-9227-934204631d2a
181,e3acf0c5-e167-4c67-9c0b-188c50a7878b,8e880741-bf9a-4c8e-9227-934204631d2a
182,b0096575-4bbc-48ab-8206-e0c98aa9c3bd,8e880741-bf9a-4c8e-9227-934204631d2a
183,3cebbfa1-e056-4375-93ad-765a02c9cddc,8e880741-bf9a-4c8e-9227-934204631d2a
184,86bef7bb-49bb-4dc9-9ecf-c7d74df94005,8e880741-bf9a-4c8e-9227-934204631d2a
185,8d2571df-c9ec-4b17-bb9b-ef1e4a5cb3b9,8e880741-bf9a-4c8e-9227-934204631d2a
186,020ce387-9dd3-4264-ada8-cf0b822fbf29,8e880741-bf9a-4c8e-9227-934204631d2a
187,5c7aaae4-d7be-442c-b659-8b1fa56bf846,ced320a1-29f3-47c1-a735-513c7084d508
188,e0102be9-1756-46a9-aed1-4b2f03aade3c,4d74781b-8186-4c9a-b659-ff4dc4601d91
189,7eb1c034-7242-4390-b7f6-069cecf00f8a,4d74781b-8186-4c9a-b659-ff4dc4601d91
190,0632e13c-a4d9-41d7-bdd8-22a20f745b07,4d74781b-8186-4c9a-b659-ff4dc4601d91
191,abfc10e4-2475-4b98-aec5-c41d201fa456,fc77d2ae-247d-44d7-aa24-3f4859254c2c
192,5c4c1784-9a23-4cd6-b88e-76b713514032,fc77d2ae-247d-44d7-aa24-3f4859254c2c
193,8b91f839-5acd-4980-805b-881c4b73da06,fc77d2ae-247d-44d7-aa24-3f4859254c2c
194,ea687035-d767-41b7-b019-cd819fc43047,fc77d2ae-247d-44d7-aa24-3f4859254c2c
195,8c6fb5a8-a542-417f-b5ef-a44fa5613b0e,fc77d2ae-247d-44d7-aa24-3f4859254c2c
196,a6484cdc-2fec-4c34-b361-dc14bd3e8198,93eebe82-d8c3-41bc-a906-63b5b5f24a9d
197,195c0d92-e864-4b4f-aa19-bd48ef8c693b,93eebe82-d8c3-41bc-a906-63b5b5f24a9d
198,cff18cfc-a679-45f1-b686-510c7c620308,93eebe82-d8c3-41bc-a906-63b5b5f24a9d
199,28cdd0e2-af61-4b1a-ae9d-b6e0a204e613,8191c283-0816-424b-9b61-c3e1d6258a77
200,874dd11e-5932-4d97-ba1b-364fc4a802cc,8191c283-0816-424b-9b61-c3e1d6258a77
201,72cdd3ea-4a2d-4c96-b978-e124f5324701,8191c283-0816-424b-9b61-c3e1d6258a77
202,a9ccfc4c-14c0-40ce-8c07-96b6c7a917a0,8191c283-0816-424b-9b61-c3e1d6258a77
203,b755ec94-cdd4-4720-a8eb-e9fe4c2d1971,8191c283-0816-424b-9b61-c3e1d6258a77
204,61e2c996-63e3-498d-af67-d16b74eff116,8191c283-0816-424b-9b61-c3e1d6258a77
205,618bdfeb-21f2-4e92-9e18-bb852ba93173,60358420-6055-411d-ba4f-e8ac80682a2e
206,d1100559-104b-461d-af6c-58d6acb64efa,60358420-6055-411d-ba4f-e8ac80682a2e
207,0998bfc5-fda1-4141-b671-d486eda5f353,60358420-6055-411d-ba4f-e8ac80682a2e
208,10444733-eb78-4e13-93e4-964561b03390,60358420-6055-411d-ba4f-e8ac80682a2e
209,dd7f761e-dda9-4f76-bb84-f8e652e24b52,60358420-6055-411d-ba4f-e8ac80682a2e
210,df3219e9-e567-4b8b-9820-2b34b92c0078,60358420-6055-411d-ba4f-e8ac80682a2e
211,f82d2602-91bb-4caa-ba95-a6c87b3e56e8,60358420-6055-411d-ba4f-e8ac80682a2e
212,d170ff04-6da0-4156-a719-f8e1bbefbf53,60358420-6055-411d-ba4f-e8ac80682a2e
213,73bf613f-7b34-48b4-a357-a6e059193660,60358420-6055-411d-ba4f-e8ac80682a2e
214,5192541c-aac4-4206-9776-8b19bcf52aa2,60358420-6055-411d-ba4f-e8ac80682a2e
215,515a51c6-15c0-4290-9390-ac9aeec53a63,60358420-6055-411d-ba4f-e8ac80682a2e
216,ee399168-210f-4a91-a619-a91347ed5968,60358420-6055-411d-ba4f-e8ac80682a2e
217,0ff9aedd-c464-4cab-9597-f7eb43d528e9,60358420-6055-411d-ba4f-e8ac80682a2e
218,1e7713ad-b371-465a-acd8-6959c8ea905f,60358420-6055-411d-ba4f-e8ac80682a2e
219,e897a612-f8ec-4e5b-a620-28c2b701d787,60358420-6055-411d-ba4f-e8ac80682a2e
220,5cd644e5-304e-4c55-99d3-50abac468a92,60358420-6055-411d-ba4f-e8ac80682a2e
221,8856e9ba-5bde-485d-9008-d8ad5ef47168,60358420-6055-411d-ba4f-e8ac80682a2e
222,62a0bc5a-a028-4d21-9e86-e372c6fff453,00109df5-7810-4542-8db5-2288c46e0424
223,d20eded0-3df1-4bb0-8d93-cf05619b5496,00109df5-7810-4542-8db5-2288c46e0424
224,242c55ab-4462-48de-a218-b7e202301d5f,00109df5-7810-4542-8db5-2288c46e0424
225,cc5eba20-ed06-4f02-97a8-4773a3aacd4d,6e8c5415-302c-492a-a5f9-f29c57ff18fb
226,3fb4bd40-a470-4e13-9647-af4d4e190446,e02201d7-f49f-401f-baf0-1eb1406546c0
227,0d44538b-16f0-439d-8ad6-d36c5f50ee5f,e02201d7-f49f-401f-baf0-1eb1406546c0
228,13b921c8-17ac-48d8-ac85-82f47be5296b,968834a0-1895-40df-8720-666029b3bbac
229,cc4284ca-8118-4b18-b66a-46c279dc56a1,436154da-bcf1-4130-9c8b-120ff9a888f2
230,b9cad396-9946-48ee-a226-9ba8c9a39f2f,db468083-041c-41ca-8f6f-bf991a070adf
231,3fb164b9-33eb-48a4-a80b-5c61643ef617,db468083-041c-41ca-8f6f-bf991a070adf
232,95cd3bf9-1294-4d89-8a00-c9b5f3da2825,24d42e5e-ce6d-45ff-a66b-a3b3b715deaf
233,7b1dfc82-40c1-46cb-ac2a-f277ff0c6ff3,b52eb423-5d0d-4645-b217-e1c6d38b2e72
234,57a924ac-5766-42ce-bfaa-666316963c3c,b52eb423-5d0d-4645-b217-e1c6d38b2e72
235,a9d89e78-6e19-4bd1-9b6f-a3044c37db6f,b52eb423-5d0d-4645-b217-e1c6d38b2e72
236,c170eb92-968c-478e-b054-43cf097d3f6e,b52eb423-5d0d-4645-b217-e1c6d38b2e72
237,556e678e-d55e-48f9-bd07-eaf6fe7da526,b52eb423-5d0d-4645-b217-e1c6d38b2e72
238,dd2f4658-d6e1-4d8a-a5f3-b9efed1bd1ca,b52eb423-5d0d-4645-b217-e1c6d38b2e72
239,74979c2f-3fed-4499-84fa-fdd8bc8a3cdb,b52eb423-5d0d-4645-b217-e1c6d38b2e72
240,845e154e-fa73-4221-924f-114a08c88968,b52eb423-5d0d-4645-b217-e1c6d38b2e72
241,124ef78b-21b1-4f61-b9b4-4ac21bea9eee,d0e9c47b-4ce7-4f84-b182-eddcfa0b2658
242,ca504a4c-8073-443b-91d4-fb8119c183b1,d0e9c47b-4ce7-4f84-b182-eddcfa0b2658
243,5025509c-a3c0-4fa0-ab12-e12893f1c41b,c8565c6a-01a1-435b-a549-f11b452a83a8
244,2ccf4e36-cc11-4756-aa64-4d118c5c525c,fbc5881f-1ee3-4ffe-8095-35e15e1a08fc
245,96330886-67ec-4a7e-a691-58680407290a,fbc5881f-1ee3-4ffe-8095-35e15e1a08fc
246,fdcd60fe-01e8-46f0-b271-7e7ae4c0888d,fbc5881f-1ee3-4ffe-8095-35e15e1a08fc
247,392bafd9-be82-4c1a-b429-7dfbaebcd5ae,edb893ee-4066-4128-9aec-5eb2b03f8287
248,b9a24331-5b4c-4043-a3b0-197fde66e1b9,edb893ee-4066-4128-9aec-5eb2b03f8287
249,64942e4e-3f6e-4ca0-8226-62e8491b5786,c9706a92-0e5f-46c1-96d8-20e42467f287
250,bfefae73-0e77-4de3-8cad-8399bfbc6f0d,43b45a20-a969-49ac-a8e8-8c84b211bd01
251,cc67ee3d-1ba2-45c9-8d5c-671c00dda05a,793fdaec-5067-428a-a9db-ecefe135c945
252,83198619-babe-421f-a4ba-8e881dc1182c,793fdaec-5067-428a-a9db-ecefe135c945
253,fa1a6b70-8f13-4759-a0ef-8149be208ebc,793fdaec-5067-428a-a9db-ecefe135c945
254,bd4f498f-c563-4568-9b3c-ba2f1ad68975,b953c942-f5d8-434f-9da7-e726ba7c1481
255,2edd027c-001e-4d70-883c-2afa7dae79e9,b953c942-f5d8-434f-9da7-e726ba7c1481
256,3cccdb1a-e2dd-4644-af63-d9d6b770d357,9d63fcf1-5ca0-4006-8d8f-872f3327dbe9
257,e8407ba1-b06e-411a-8d59-758dc14ce7ce,9d63fcf1-5ca0-4006-8d8f-872f3327dbe9
258,794513d4-5d93-4ad4-adbe-78dc7fe981bc,9d63fcf1-5ca0-4006-8d8f-872f3327dbe9
259,d014d842-1c07-44af-9b57-b9d7c72fee3a,9d63fcf1-5ca0-4006-8d8f-872f3327dbe9
260,1d32eed4-1ce5-436a-98fc-038ea140f839,9d63fcf1-5ca0-4006-8d8f-872f3327dbe9
261,5d7d86ae-c3d6-4bd7-aca0-3d49ab858fa6,9d63fcf1-5ca0-4006-8d8f-872f3327dbe9
262,73d1401c-1a08-4bf7-9d55-46ec4dd720f9,7d7cabfd-1d1f-40af-96b7-26a0825a306d
263,e76efce4-d9dc-477c-bbb5-b3208bf5f775,63d03351-06be-478e-a0db-f7a653b6b19b
264,b1176c82-8841-46dc-87a1-d321ed1d8ca8,63d03351-06be-478e-a0db-f7a653b6b19b
265,264e99e3-7bca-4fc1-9b06-7973d7cb6a50,63d03351-06be-478e-a0db-f7a653b6b19b
266,03fee734-cb30-4fe2-a0ac-886e682c7232,63d03351-06be-478e-a0db-f7a653b6b19b
267,d53dcd5e-f7cf-467f-83df-bb5e4659b96a,63d03351-06be-478e-a0db-f7a653b6b19b
268,d0864ec2-b98e-4d13-b56e-a11051d8ba23,63d03351-06be-478e-a0db-f7a653b6b19b
269,0a039f70-ef69-40a0-84cb-0a2049d4929a,0a839c4b-10d0-4d64-9272-684c49a2c8ba
270,0fd92dc8-e5d4-4689-a566-accf31d8307f,ddfad306-714d-4cc0-9985-d9072820c530
271,ace59dd1-f4d8-43d1-8f75-7caa3fe294bc,0434a9d4-85fd-4554-b8e3-cf6c582bb2fa
272,f40a4b36-e499-48f0-a1a9-1514776b4477,e75342a8-0f3b-4ec5-8ee1-245a23e0f7cb
273,45dd32d7-00ff-4a1a-9c48-d3eaf9736e13,e75342a8-0f3b-4ec5-8ee1-245a23e0f7cb
274,323243d7-0c21-461b-b1e7-143ae925ef80,e75342a8-0f3b-4ec5-8ee1-245a23e0f7cb
275,61640b98-af3d-4b91-8caf-2c07e3e6d5b5,e75342a8-0f3b-4ec5-8ee1-245a23e0f7cb
276,0a4f9a00-6f75-4ff7-aeec-d975b2a983fc,e75342a8-0f3b-4ec5-8ee1-245a23e0f7cb
277,2a96a174-e168-40f6-894f-415b8c58647a,e75342a8-0f3b-4ec5-8ee1-245a23e0f7cb
278,ae6ef28f-cabc-48dc-86aa-d4de4d69473d,e75342a8-0f3b-4ec5-8ee1-245a23e0f7cb
279,1e9414d2-e347-467a-bc4d-474283fddb33,e75342a8-0f3b-4ec5-8ee1-245a23e0f7cb
280,65df6878-8cc6-49ce-b424-16eb38f2946c,e75342a8-0f3b-4ec5-8ee1-245a23e0f7cb
281,5d626816-fdfa-4804-b89b-61102acd032e,120e86b4-1195-48c5-845b-b98054105eec
282,16eccda8-805c-4e06-b7b6-0cbf0dbdf28b,120e86b4-1195-48c5-845b-b98054105eec
283,f301a58f-b85a-46f1-b18d-4d1760b38219,120e86b4-1195-48c5-845b-b98054105eec
284,b21a5705-476a-40be-8c6c-58d599b67175,120e86b4-1195-48c5-845b-b98054105eec
285,174698c6-a575-4c79-8361-459d7d1ac2f3,120e86b4-1195-48c5-845b-b98054105eec
286,cd9f2c40-6470-4ef6-98b0-5909acf66e64,120e86b4-1195-48c5-845b-b98054105eec
287,0ccdc603-73a0-4e0e-b490-665ed75983c6,120e86b4-1195-48c5-845b-b98054105eec
288,ddf1579c-742a-4021-9963-a0a682c3c807,0a77d4c0-d5d0-40f0-aa1a-5e1429bcbd7e
289,5a1f17ea-d037-42d1-ab65-609ad65833f3,0a77d4c0-d5d0-40f0-aa1a-5e1429bcbd7e
290,cf3aa461-dede-4319-9b7b-8e3e79b1f629,0a77d4c0-d5d0-40f0-aa1a-5e1429bcbd7e
291,fdce51d9-de1e-4438-8ccb-b4a6ba3f1f4c,bf325905-5e8e-42e3-933d-9a9053e9af80
292,2978f465-c2f6-4f99-9329-343f9d707dcb,bf325905-5e8e-42e3-933d-9a9053e9af80
293,8c00316b-b096-481f-92cc-5aa9761bd9c2,bf325905-5e8e-42e3-933d-9a9053e9af80
294,c96e7a24-e166-46c4-b919-83f7214319bb,e2c257e7-6f79-487c-b81c-39451cd4ab3c
295,91a69456-6f07-4d82-8ff9-161d3262f3ab,e2c257e7-6f79-487c-b81c-39451cd4ab3c
296,4c55a93f-b677-4f60-9812-2bc79813e9fc,e2c257e7-6f79-487c-b81c-39451cd4ab3c
297,3ecded58-d00a-487a-b8f7-6563f528ba51,e2c257e7-6f79-487c-b81c-39451cd4ab3c
298,f3bedd22-9d63-43f3-b34f-b2947d9ff4b0,e2c257e7-6f79-487c-b81c-39451cd4ab3c
299,8dd28b96-bf66-46a6-a624-7fd8fc9ebc88,e2c257e7-6f79-487c-b81c-39451cd4ab3c
300,bb4da4d0-9593-484b-8acd-3ba450be31d1,e2c257e7-6f79-487c-b81c-39451cd4ab3c
301,d467a7c6-477d-48ef-aaf8-b7fbf763f236,e2c257e7-6f79-487c-b81c-39451cd4ab3c
302,0e4db157-830b-4ed7-8a36-65e4973493ef,e2c257e7-6f79-487c-b81c-39451cd4ab3c
303,b93ba1a0-4c5e-4437-927f-6a900089f201,e2c257e7-6f79-487c-b81c-39451cd4ab3c
304,047ac50c-4d25-44ec-b54e-1aa5742fac50,e2c257e7-6f79-487c-b81c-39451cd4ab3c
305,e8040981-3442-4a5a-b6d1-f92d69619eec,e2c257e7-6f79-487c-b81c-39451cd4ab3c
306,96a4c0f5-91a4-453f-9e86-3df7a11d9049,e2c257e7-6f79-487c-b81c-39451cd4ab3c
307,540f859d-e00b-4d40-963a-1879a13b4ac1,1df8c90d-d299-4b2e-a54d-a5a80f36e780
308,fcc85817-ef31-4056-9a96-b3730ccec522,a72afd53-ab92-4511-88da-252fb0e26b9a
309,b36eb92d-ddb3-4adc-8535-0a3a80946a66,03cdc7f4-bd08-49d0-a395-4487c0e5a168
310,4086449f-07a8-45c6-b0fb-2839f2391f4c,03cdc7f4-bd08-49d0-a395-4487c0e5a168
311,db4d5bd5-8918-43cc-88bd-62d58f1e90e8,03cdc7f4-bd08-49d0-a395-4487c0e5a168
312,5d8100ed-c2bd-4f01-9ed8-2d0bca9a2c37,1ca90a2d-2943-483d-b678-b809bf464c30
313,4aca65b8-bc4b-4c68-833e-36af8f43fbfa,1ca90a2d-2943-483d-b678-b809bf464c30
314,791be49f-3f3e-47f7-aa11-31f88633ec2d,1ca90a2d-2943-483d-b678-b809bf464c30
315,d9e98068-b506-4344-8cc4-d0dbf85b429e,1ca90a2d-2943-483d-b678-b809bf464c30
316,1ada1493-aae3-46db-ac90-5c876cac9a67,1ca90a2d-2943-483d-b678-b809bf464c30
317,47149625-f6df-490d-9884-40c77a3f6cc0,1ca90a2d-2943-483d-b678-b809bf464c30
318,e4d2258c-c482-4812-a528-3151376e2b17,1ca90a2d-2943-483d-b678-b809bf464c30
319,463d78e4-ce0c-4ea4-b502-6307b63c80a2,1ca90a2d-2943-483d-b678-b809bf464c30
320,a098b748-8580-4a09-b4de-b4d212323d12,1ca90a2d-2943-483d-b678-b809bf464c30
321,80fcb434-2927-4213-b5bd-695f536ea9f0,1ca90a2d-2943-483d-b678-b809bf464c30
322,37b9e7b3-5d50-4b6c-9898-f446a7a65fd9,1ca90a2d-2943-483d-b678-b809bf464c30
323,f7f57497-9621-47c8-9846-0fb10332bde4,1ca90a2d-2943-483d-b678-b809bf464c30
324,f713da11-bc76-486a-a2d0-0e86c4c89482,1ca90a2d-2943-483d-b678-b809bf464c30
325,9a0a65d7-57a0-4cfb-8210-0d0bac307fde,1ca90a2d-2943-483d-b678-b809bf464c30
326,25fd4131-8d80-44e8-991e-25278435a366,1ca90a2d-2943-483d-b678-b809bf464c30
327,724061dd-ad61-46ad-86c4-f52d5c711ac8,1ca90a2d-2943-483d-b678-b809bf464c30
328,15ea9166-c71d-45ea-b9c7-e11f2c47acde,1ca90a2d-2943-483d-b678-b809bf464c30
329,5a31c4da-0192-46ff-b11d-cd756c926cf5,1ca90a2d-2943-483d-b678-b809bf464c30
330,d4f39a36-6118-497f-8b37-286e16df45c4,1ca90a2d-2943-483d-b678-b809bf464c30
331,74b930af-54bb-4f09-959b-0edd26faf919,1ca90a2d-2943-483d-b678-b809bf464c30
332,685d3069-7625-4ea0-bb23-db2e2b2840da,1ca90a2d-2943-483d-b678-b809bf464c30
333,a513717d-a8ae-45dd-8d36-d059340fecbb,1ca90a2d-2943-483d-b678-b809bf464c30
334,806eaf48-4832-42e9-96c6-f8b1fecfed62,1ca90a2d-2943-483d-b678-b809bf464c30
335,a16d884e-5b2d-4202-b105-ed65164d71f3,1ca90a2d-2943-483d-b678-b809bf464c30
336,42af5e62-979e-4968-acd8-08c663ddf910,1ca90a2d-2943-483d-b678-b809bf464c30
337,87c4867a-658a-4ca7-ba08-bd3076453f2a,1ca90a2d-2943-483d-b678-b809bf464c30
338,a0358102-3dcb-40d7-8b80-01a237f40b9e,1ca90a2d-2943-483d-b678-b809bf464c30
339,013c6a00-0507-49e8-998a-5022bd65621a,1ca90a2d-2943-483d-b678-b809bf464c30
340,8b1fa586-0233-4480-beb9-dfb29e610a90,1ca90a2d-2943-483d-b678-b809bf464c30
341,bc16b403-532f-437e-8821-5a91316cda4b,1ca90a2d-2943-483d-b678-b809bf464c30
342,065afdff-0e65-45ee-b584-42042a6ab3a0,1ca90a2d-2943-483d-b678-b809bf464c30
343,6a8f017d-74b4-4401-a0dc-b51df2309bdc,1ca90a2d-2943-483d-b678-b809bf464c30
344,846a451b-b208-4d22-931f-147b6b929acd,1ca90a2d-2943-483d-b678-b809bf464c30
345,82b25838-2170-4669-b265-156e325b3a5d,1ca90a2d-2943-483d-b678-b809bf464c30
346,34ae2bea-6532-4609-ba40-8961ba84591f,1ca90a2d-2943-483d-b678-b809bf464c30
347,8c8bccf4-01d6-4c71-94f4-8515c4cb493b,1ca90a2d-2943-483d-b678-b809bf464c30
348,0fef7765-54d6-49fd-903c-2438ae47b056,1ca90a2d-2943-483d-b678-b809bf464c30
349,6e3aeaef-cbc2-4f23-a68a-0d3c01ad02c1,1ca90a2d-2943-483d-b678-b809bf464c30
350,ec7f261c-6547-46a3-b7f7-82560069e454,1ca90a2d-2943-483d-b678-b809bf464c30
351,f4805a41-a5dc-4931-9183-8e4e7d913d29,1ca90a2d-2943-483d-b678-b809bf464c30
352,5cf24f5d-0fcb-4195-9d09-d4a6c0563be6,1ca90a2d-2943-483d-b678-b809bf464c30
353,a89e4dbc-bcf4-429f-accb-795098407831,1ca90a2d-2943-483d-b678-b809bf464c30
354,9e5e4017-355a-459d-a7a0-02da50059895,1ca90a2d-2943-483d-b678-b809bf464c30
355,4270b73d-ccaa-4b10-9c1c-39394359ee42,1ca90a2d-2943-483d-b678-b809bf464c30
356,3274343a-1e3c-4824-b8a3-cbb1e4ab5397,1ca90a2d-2943-483d-b678-b809bf464c30
357,c7ecf154-ac5e-47c8-9cf7-2d145c970353,1ca90a2d-2943-483d-b678-b809bf464c30
358,11c25f79-dac2-46e9-adcb-0d5ff9ea2d8a,1ca90a2d-2943-483d-b678-b809bf464c30
359,c4a096e9-1f08-4157-a4b4-7084aa28f14a,1ca90a2d-2943-483d-b678-b809bf464c30
360,de0bcfa6-6ef8-456a-ae06-73074503e493,1ca90a2d-2943-483d-b678-b809bf464c30
361,63e83c64-ac87-49db-b19a-87d0e8c181ec,1ca90a2d-2943-483d-b678-b809bf464c30
362,9531d09f-bcd9-48b6-a545-3bdcc5c7cfe1,5c868b6f-62c5-4532-9d7f-a346ad4b50a7
363,cf18e897-e8b2-4e60-b03d-f587d38596ad,5c868b6f-62c5-4532-9d7f-a346ad4b50a7
364,713a4e11-e4b3-4209-830d-8daf4d58a7f2,5c868b6f-62c5-4532-9d7f-a346ad4b50a7
365,6afb8034-4a11-4a08-8ec2-048968865db9,5c868b6f-62c5-4532-9d7f-a346ad4b50a7
366,18ddb5f7-d6fe-4fb4-9621-f231fe19088b,5c868b6f-62c5-4532-9d7f-a346ad4b50a7
367,771fe5d8-a50d-4c89-b2c9-952be3ee927f,5c868b6f-62c5-4532-9d7f-a346ad4b50a7
368,f909b36b-fb4e-463e-a1f8-53fc39519c9f,17481d16-ee44-49e5-bcf0-28c0780d8c4a
369,2993616d-12b8-477a-b8dd-3c9415d92119,17481d16-ee44-49e5-bcf0-28c0780d8c4a
370,c5229a41-2812-4955-8e69-4f14d7d71a46,a98b828a-622a-483a-80e0-15703678befd
371,66f8ebeb-d401-43e7-8d3d-d3461dbb2860,b1912131-de29-4f13-b528-164b45d69cfd
372,69ee0677-e097-46be-8c3f-375b8bd1d9ea,b1912131-de29-4f13-b528-164b45d69cfd
373,b7ec6c2d-32e2-48b0-8335-a827aba01caa,625f6bf4-2f33-4942-962e-35243d284837
374,04d0e26c-a4ce-45eb-b283-cdecd457c61e,b3e2c6e3-9b05-4da9-8f42-da38a664b45b
375,f3bdfde6-4983-43cf-817b-d5b46c49c289,b3e2c6e3-9b05-4da9-8f42-da38a664b45b
376,7bcad396-49c3-40d9-80c1-16d74e7b88bd,6f6d381a-7701-4781-935c-db10d30de293
377,6ef3eb6d-479a-414f-b40e-c5ba015f9cc2,6f6d381a-7701-4781-935c-db10d30de293
378,c5449f84-0a5b-4096-8f44-bf5f07d6786a,2a79d190-a41e-4408-88c8-ac5c4d03c0fc
379,22b66c84-8bae-4286-9f47-2ce51150b5bf,6d203948-a779-4b69-9b3f-1ee1dadc3980
380,93a63eac-5fa4-4170-9b24-045d385d096f,6d203948-a779-4b69-9b3f-1ee1dadc3980
381,c2738ac3-5309-469f-9c79-29df1430558f,6d203948-a779-4b69-9b3f-1ee1dadc3980
382,07763ad8-15ab-40a1-988a-2f3370d43a84,4b54248f-2165-477c-a027-dd55082e8818
383,b4c6e2f2-086c-4fac-baca-ac13563e713e,4b54248f-2165-477c-a027-dd55082e8818
384,a0def430-d85f-44e5-beb2-e08582a8e5a1,4b54248f-2165-477c-a027-dd55082e8818
385,73d3d142-4891-4023-a744-db941245f321,4b54248f-2165-477c-a027-dd55082e8818
386,ed49e4c5-ff62-43d5-8672-63315fea77c1,2d2e2acd-dade-489f-a2da-6c11aa654028
387,ec65661f-5863-4aaf-9b52-772a6f5df77e,2d2e2acd-dade-489f-a2da-6c11aa654028
388,8b1f6e62-6cfd-40b6-93e1-550508cf0b56,2d2e2acd-dade-489f-a2da-6c11aa654028
389,22f9595e-c36d-4174-a4e1-e9aaf65ad33d,2d2e2acd-dade-489f-a2da-6c11aa654028
390,5005eadc-31ed-4961-9397-863945489622,2d2e2acd-dade-489f-a2da-6c11aa654028
391,6a685c9f-2c0a-4183-adb8-daf0b8c2891a,2d2e2acd-dade-489f-a2da-6c11aa654028
392,e6802ced-674b-44cc-85c5-10a9de4946cf,2d2e2acd-dade-489f-a2da-6c11aa654028
393,66f6bc28-4234-4ef1-a5f4-47444fec4596,2d2e2acd-dade-489f-a2da-6c11aa654028
394,cb3b12dc-a047-4701-b38f-e2174ffc17b2,2d2e2acd-dade-489f-a2da-6c11aa654028
395,19cf447d-9812-4dc3-a041-1327c3fcecf4,2d2e2acd-dade-489f-a2da-6c11aa654028
396,9f4d514f-d854-4d54-9b94-a4ba324e9b05,a3ffde6c-7ad2-498a-903c-d58e732f7470
397,3d7130c7-a46d-4e94-a423-0c060e2b4370,1d1c7275-476a-49e2-9022-ad1b1c793594
398,5603ac2e-fc42-457e-8d64-cdbce328631e,1d1c7275-476a-49e2-9022-ad1b1c793594
399,694f8ea9-5c69-4633-a548-2d45c447cfeb,1d1c7275-476a-49e2-9022-ad1b1c793594
400,a407e04d-1703-410f-81ec-618a4cbbd515,1d1c7275-476a-49e2-9022-ad1b1c793594
401,7529071e-07b8-4583-91b4-71fbbda3eced,1d1c7275-476a-49e2-9022-ad1b1c793594
402,94fad3b5-47af-4449-b1c2-ca7ff6a8d02f,1d1c7275-476a-49e2-9022-ad1b1c793594
403,c35af4e7-8152-4a40-8777-0bf74e6f0889,dfc09a93-bce0-4c77-893d-e153d1b7f9fa
404,09b6355c-f181-4675-88ac-8b08bb804d17,dfc09a93-bce0-4c77-893d-e153d1b7f9fa
405,18f9edfa-8311-4d54-a462-1744c4b231d7,9c8808ce-1138-4dbe-818c-171cff10e650
406,cb635072-54ba-4a65-bc87-a686688e6235,83ed3be8-4cb9-43e6-9aaa-3fbbf5d1bd3a
407,570501c1-a501-4f47-88e2-c13183c9a11b,3472f32d-4a33-48e2-aad5-666d4631bf4c
408,e02bdb09-476c-47f3-bd7a-59f950a77f38,b9fc3d70-5a72-4479-a046-c2cc1ab19efc
409,cf5901bf-9a56-4cab-9a36-07565df2759c,b9fc3d70-5a72-4479-a046-c2cc1ab19efc
410,69c86b27-3819-491e-b8cb-17ea2ab8febc,b9fc3d70-5a72-4479-a046-c2cc1ab19efc
411,4960f1a9-f6b5-4c98-873f-c7f6f82663c4,b9fc3d70-5a72-4479-a046-c2cc1ab19efc
412,168c53a7-1d3b-4455-9c01-17a89444a909,b9fc3d70-5a72-4479-a046-c2cc1ab19efc
413,4b22a7f3-7304-4022-9cd7-6de582c995fd,b9fc3d70-5a72-4479-a046-c2cc1ab19efc
414,125deb7c-c213-4d76-a43e-f373187151ab,b9fc3d70-5a72-4479-a046-c2cc1ab19efc
415,ed692cfb-e8d3-4dfc-b81e-60d95c0140cd,b9fc3d70-5a72-4479-a046-c2cc1ab19efc
416,f26f4c0f-277c-4667-80a1-5dced427bf79,b9fc3d70-5a72-4479-a046-c2cc1ab19efc
417,19584b49-93db-4db2-9ebe-b31f8b0cf02c,44531dd9-1388-4416-a117-af0a99de2294
418,ab3234a1-656f-4b5e-b8ea-c2f820e41352,44531dd9-1388-4416-a117-af0a99de2294
419,f8dc3cea-da36-4201-905f-8c53af17bb9b,44531dd9-1388-4416-a117-af0a99de2294
420,84ee83ca-15d6-4c42-9541-0030ef44bd07,44531dd9-1388-4416-a117-af0a99de2294
421,a93eab58-3d82-4b61-8a2f-d7666dcdb7c4,44531dd9-1388-4416-a117-af0a99de2294
422,d6a98a2e-9b89-48b6-b88f-bb5a8f35fedb,44531dd9-1388-4416-a117-af0a99de2294
423,b2aa4ff0-f30a-437e-89b8-8aaa03b84376,44531dd9-1388-4416-a117-af0a99de2294
424,d59df4d9-86f7-4c95-b7c7-b0b6b28b1960,44531dd9-1388-4416-a117-af0a99de2294
425,49882eb2-f8f4-4c3b-9399-fc3c79cc3134,6ff3401b-d72c-4940-a00c-3f0792397082
426,89b9a923-4f50-42d6-abb3-8e11e9e37e33,6ff3401b-d72c-4940-a00c-3f0792397082
427,5b7664cd-5ae4-4cb1-bf87-94be6d1a0da5,e2a4a67f-6a18-431a-ab9c-6e77dd31cc80
428,39bc54c0-946e-4f40-8240-c8df3c1c2edf,e2a4a67f-6a18-431a-ab9c-6e77dd31cc80
429,ef459550-e75b-4feb-81ad-807d8272f1b2,e2a4a67f-6a18-431a-ab9c-6e77dd31cc80
430,9d8e7a4c-4c28-4340-8bab-bb65a86ab5a6,99f1515b-46a2-4bc4-94c3-f62659dc1eb4
431,7cf02c5a-313c-47ec-9958-9337fc948c7f,bcb61471-2a44-4d00-a0af-ff085512674c
432,54a8714e-c818-460d-8c34-14bd4e39e1ff,bcb61471-2a44-4d00-a0af-ff085512674c
433,c65ea195-d1c7-4086-ad98-83b2aa6d31a7,bcb61471-2a44-4d00-a0af-ff085512674c
434,e5757b8e-5506-424a-a599-60341c981011,bd5230f4-cd76-4d35-9ee5-89b3e7475659
435,d54c8b65-3e6c-4265-98aa-5f082a5f3816,5d445965-6f1a-4b68-ba3a-b8f765155d3a
436,76cf83ad-a3d6-45a7-ab58-b694a1ab0133,5d445965-6f1a-4b68-ba3a-b8f765155d3a
437,abe614ab-bb5f-43d5-94d2-530097d7f723,48259aa8-f168-4bf5-b797-af8e88da6637
438,e9c06d7c-578f-4720-b5f6-0d4349e2b0e0,48259aa8-f168-4bf5-b797-af8e88da6637
439,a4e0f703-f146-49ce-9662-082d60327a99,48259aa8-f168-4bf5-b797-af8e88da6637
440,8f77a11b-42f3-417e-9e5c-58bffb55aee6,48259aa8-f168-4bf5-b797-af8e88da6637
441,f8d5fda9-4508-4447-9ec0-4681ddccbf1e,c114c20f-1ef4-49a5-9c2e-d965787fb90c
442,60bd46cb-58a8-4e6f-ae3e-bdc5059b6247,c114c20f-1ef4-49a5-9c2e-d965787fb90c
443,80b1b04b-fc85-484a-addd-c5bec9194400,13d1c580-4b17-4b2e-85c4-75b36917413f
444,c23e69c2-b4ae-44dd-8fac-78ca71ff4e7a,af893e86-8e9f-41f1-a474-ef05359b1fb7
445,01e64822-234b-4af2-9e03-652152e89c7c,af893e86-8e9f-41f1-a474-ef05359b1fb7
446,42052d33-80d9-4b61-abd6-a26e025d1e8c,af893e86-8e9f-41f1-a474-ef05359b1fb7
447,b09fc3d1-cac7-4b90-9a6a-fa444b19de3c,af893e86-8e9f-41f1-a474-ef05359b1fb7
448,a01c1861-6c00-401c-bbee-242bb520c09d,af893e86-8e9f-41f1-a474-ef05359b1fb7
449,bf5563ed-c4ee-4530-9475-cdd33116a02b,af893e86-8e9f-41f1-a474-ef05359b1fb7
450,32ce1cff-cae8-4ffa-99f2-989d2599408c,af893e86-8e9f-41f1-a474-ef05359b1fb7
451,fb78b99e-9258-485b-9669-17a759e6a90c,283d65eb-dd53-496d-adb7-7570c7caa443
452,0f02f74a-68b0-4237-8201-f7b516d581fc,283d65eb-dd53-496d-adb7-7570c7caa443
453,7739cec1-b86b-4f05-ba2d-94a630e5ff55,283d65eb-dd53-496d-adb7-7570c7caa443
454,4f4627f4-d9d5-4606-bbb3-78e9143f161a,283d65eb-dd53-496d-adb7-7570c7caa443
455,67685d18-66b9-406d-9d4d-72995f294294,283d65eb-dd53-496d-adb7-7570c7caa443
456,485aa797-0b0a-4a1e-9d41-c5a3581f760c,283d65eb-dd53-496d-adb7-7570c7caa443
457,9db714c0-0ed3-4bb6-8350-daabd39f666d,283d65eb-dd53-496d-adb7-7570c7caa443
458,cfc02cb3-53a2-4802-94c1-2535911a15be,283d65eb-dd53-496d-adb7-7570c7caa443
459,e9b4f435-d7d3-4ac2-9ca6-421b6b8e4252,283d65eb-dd53-496d-adb7-7570c7caa443
460,0c0d0f9b-774c-430c-9c5e-f9b9f01125de,283d65eb-dd53-496d-adb7-7570c7caa443
461,5452b43f-7a47-4fd7-8447-81550c05e5cb,283d65eb-dd53-496d-adb7-7570c7caa443
462,a1534c93-15a3-462d-80b7-775a826e3cf1,283d65eb-dd53-496d-adb7-7570c7caa443
463,d68453c5-ca97-42e5-ac0f-1493d33cb7f9,283d65eb-dd53-496d-adb7-7570c7caa443
464,aae031e1-b1a7-4b27-8b3e-c4c919afcec0,283d65eb-dd53-496d-adb7-7570c7caa443
465,b8d2d3b2-407b-496b-bd5e-4aa424320105,283d65eb-dd53-496d-adb7-7570c7caa443
466,8ac58bb3-dd3e-465c-b456-73564be05ce0,283d65eb-dd53-496d-adb7-7570c7caa443
467,de9cd660-638d-4b30-8c74-49c76fe1c1c0,283d65eb-dd53-496d-adb7-7570c7caa443
468,63c6641f-da78-4385-9abb-e870dc75fbbc,283d65eb-dd53-496d-adb7-7570c7caa443
469,efb38c9e-8e19-4d17-a8f0-884a805acf9b,283d65eb-dd53-496d-adb7-7570c7caa443
470,2fd1d8cc-b463-4191-8ad9-ca8f5582e377,283d65eb-dd53-496d-adb7-7570c7caa443
471,4bfa2232-cca0-4d7d-973c-425763260ba1,283d65eb-dd53-496d-adb7-7570c7caa443
472,9297bb4d-63d4-414d-8865-32f8c72b9da2,283d65eb-dd53-496d-adb7-7570c7caa443
473,1d5c58a6-ff8d-45af-a620-f094f7ed4de1,283d65eb-dd53-496d-adb7-7570c7caa443
474,cd634c40-8fc2-464f-bc8d-466a429d8a47,283d65eb-dd53-496d-adb7-7570c7caa443
475,c3dc8019-1d77-4e06-a989-b2b2edfff8bd,283d65eb-dd53-496d-adb7-7570c7caa443
476,ee22fccd-46b1-46f9-ad39-6207243d1b43,283d65eb-dd53-496d-adb7-7570c7caa443
477,3c7d49c2-7f1e-4827-9b47-6975127cd326,283d65eb-dd53-496d-adb7-7570c7caa443
478,119a0fce-cf4b-4190-99c2-c3174778a183,283d65eb-dd53-496d-adb7-7570c7caa443
479,d4416ba9-239b-414c-9671-90c1a0fe1a9b,283d65eb-dd53-496d-adb7-7570c7caa443
480,405bc7ae-0efd-4c0f-a714-d1a8b543e49a,283d65eb-dd53-496d-adb7-7570c7caa443
481,bb7a0469-0e96-46a5-a9fe-150f997289d2,283d65eb-dd53-496d-adb7-7570c7caa443
482,5fe1baf0-1209-49af-a859-3cd2a28414e9,283d65eb-dd53-496d-adb7-7570c7caa443
483,056176df-bad0-4652-b4fb-74967011aad3,283d65eb-dd53-496d-adb7-7570c7caa443
484,b614f675-2dfb-4641-ace4-d33c8bb9236a,283d65eb-dd53-496d-adb7-7570c7caa443
485,43e66558-ce08-488b-9489-734d8ceb28d1,283d65eb-dd53-496d-adb7-7570c7caa443
486,6ab0d448-45e7-4a91-9845-7f62695c6a3a,283d65eb-dd53-496d-adb7-7570c7caa443
487,34fbb732-78a9-4683-804c-a8dc49815420,283d65eb-dd53-496d-adb7-7570c7caa443
488,cb93bb9e-24c2-4fc8-81be-66d81380c200,283d65eb-dd53-496d-adb7-7570c7caa443
489,3bc8c634-9ed9-47fb-a33e-e0aaf5e901bd,283d65eb-dd53-496d-adb7-7570c7caa443
490,47e923b1-3a6b-4037-a8cf-b4c86e51c120,283d65eb-dd53-496d-adb7-7570c7caa443
491,ea0a934f-799c-4b2d-b66b-9d04ca72356a,283d65eb-dd53-496d-adb7-7570c7caa443
492,1b5c28a3-d4fc-442e-9230-f60b15867160,283d65eb-dd53-496d-adb7-7570c7caa443
493,3cd2b19b-7bda-4ad5-81d7-a7e486d9ef27,283d65eb-dd53-496d-adb7-7570c7caa443
494,ad4f40b1-ad1b-43ef-85dd-a5d0dbc35766,283d65eb-dd53-496d-adb7-7570c7caa443
495,91bfa4c5-6167-4f38-8850-8b75bacdefd4,283d65eb-dd53-496d-adb7-7570c7caa443
496,94e488a6-2e8a-4c89-8a1a-fb19157568fa,283d65eb-dd53-496d-adb7-7570c7caa443
497,7cdb90a9-593c-4b3c-8cc6-ea0e5afde50e,283d65eb-dd53-496d-adb7-7570c7caa443
498,3c1f250d-f27e-49a5-89c3-1932acf9349b,283d65eb-dd53-496d-adb7-7570c7caa443
499,2943649f-896e-4919-920e-027d6b69bc63,283d65eb-dd53-496d-adb7-7570c7caa443
500,bea72f7d-c447-4ab4-abcb-5e8e150aad5f,283d65eb-dd53-496d-adb7-7570c7caa443
501,b0f66236-0652-4eca-a570-6811986246a5,283d65eb-dd53-496d-adb7-7570c7caa443
502,789736b6-7d28-444d-a600-b76c607d041e,283d65eb-dd53-496d-adb7-7570c7caa443
503,26953b43-a8a2-4a78-84e3-e2dff0a41c87,283d65eb-dd53-496d-adb7-7570c7caa443
504,2d7f2a1e-4ad9-4416-82d3-8a0e857f69b3,283d65eb-dd53-496d-adb7-7570c7caa443
505,6304cf26-0a7d-4155-a5f8-57d60261d150,283d65eb-dd53-496d-adb7-7570c7caa443
506,309f2f4f-de06-4d7d-9145-8e2b8dc1e1fb,283d65eb-dd53-496d-adb7-7570c7caa443
507,177ab421-df4c-48ed-be1c-4085d8bf62cf,283d65eb-dd53-496d-adb7-7570c7caa443
508,37c2f298-2162-4398-9399-8479714eec2b,283d65eb-dd53-496d-adb7-7570c7caa443
509,5d1496a4-dbfd-4d0b-b82b-cb7d1290615a,283d65eb-dd53-496d-adb7-7570c7caa443
510,ca8e9e3a-852f-487f-9196-e6eb094e18ff,283d65eb-dd53-496d-adb7-7570c7caa443
511,29d6e5ff-8781-4361-a7f1-9f616f6c1997,283d65eb-dd53-496d-adb7-7570c7caa443
512,e62dc08f-3360-497c-a69a-6024474e9ae1,283d65eb-dd53-496d-adb7-7570c7caa443
513,a46aed38-e822-490a-91e7-bd13344a58b3,283d65eb-dd53-496d-adb7-7570c7caa443
514,4931d374-a8fd-498d-aac4-d5856b7bb3dd,283d65eb-dd53-496d-adb7-7570c7caa443
515,e5da8e82-1d0c-482e-9304-2c835edee44f,283d65eb-dd53-496d-adb7-7570c7caa443
516,edfac62d-a490-4eca-a124-a197bb8f025b,283d65eb-dd53-496d-adb7-7570c7caa443
517,ed3a69d5-c67b-42db-9755-5dee3c9c57a6,283d65eb-dd53-496d-adb7-7570c7caa443
518,e89cced9-c824-4683-8ccd-762a969d5a37,283d65eb-dd53-496d-adb7-7570c7caa443
519,a14af7d8-331f-4ffe-96fb-6e2a1bc280cc,283d65eb-dd53-496d-adb7-7570c7caa443
520,1c90c2fe-8f62-47d1-8970-2afaa0757716,283d65eb-dd53-496d-adb7-7570c7caa443
521,e8753c2b-25aa-43a2-9225-a026c66abff5,283d65eb-dd53-496d-adb7-7570c7caa443
522,a0e0ad7d-8d93-4318-8407-974b815a8f75,283d65eb-dd53-496d-adb7-7570c7caa443
523,019581a7-0d6d-4867-8164-94a73ab507b0,283d65eb-dd53-496d-adb7-7570c7caa443
524,7f6bf1cc-da65-415e-8aac-6f166c022fa3,283d65eb-dd53-496d-adb7-7570c7caa443
525,483a0289-786a-4299-b1ec-389111dc2f1c,283d65eb-dd53-496d-adb7-7570c7caa443
526,302fe02e-0d3b-443e-be8e-09e504d11714,283d65eb-dd53-496d-adb7-7570c7caa443
527,8807aad3-b12f-4553-aef4-d0a2d2fbfc61,283d65eb-dd53-496d-adb7-7570c7caa443
528,f3f4cdf0-6e89-4d80-90e7-8afdd83a3f5d,283d65eb-dd53-496d-adb7-7570c7caa443
529,49b571cd-9aa3-4ec6-a225-ad21356cf847,283d65eb-dd53-496d-adb7-7570c7caa443
530,ef359d5c-3870-4b91-b408-ea3e7f2795f9,283d65eb-dd53-496d-adb7-7570c7caa443
531,c79ff262-6848-421f-95ca-33b1f77ae55b,283d65eb-dd53-496d-adb7-7570c7caa443
532,b56cd91f-e276-4deb-83f5-5a86b9068a84,283d65eb-dd53-496d-adb7-7570c7caa443
533,33527a65-d420-4771-8a45-5a4f948f5fcb,283d65eb-dd53-496d-adb7-7570c7caa443
534,23e959a9-7df1-4282-b852-3aff7a54f44c,283d65eb-dd53-496d-adb7-7570c7caa443
535,e05b2d3e-f9cb-4609-8a9a-20c24edd0c65,283d65eb-dd53-496d-adb7-7570c7caa443
536,29a18b30-f41d-4f34-a3f4-ebb28686cddd,283d65eb-dd53-496d-adb7-7570c7caa443
537,3d7f70ae-d66e-4f72-8da2-335be8ac93d7,283d65eb-dd53-496d-adb7-7570c7caa443
538,14fe536b-372e-41f9-837d-402f47f24f59,283d65eb-dd53-496d-adb7-7570c7caa443
539,38fd23d7-7e43-4509-ac77-fde1fc0f83e3,283d65eb-dd53-496d-adb7-7570c7caa443
540,cb83be59-20cd-4f46-9ab3-2c789d56a6dd,283d65eb-dd53-496d-adb7-7570c7caa443
541,f88109a1-7d60-4c96-9c53-ac752fd257f7,283d65eb-dd53-496d-adb7-7570c7caa443
542,9bb61106-860d-4ab4-8e19-0b092946e89d,283d65eb-dd53-496d-adb7-7570c7caa443
543,ce54a741-522a-4033-b7ab-5df0e384f405,283d65eb-dd53-496d-adb7-7570c7caa443
544,166e3950-147b-4f4c-a52a-12024e25fd8e,283d65eb-dd53-496d-adb7-7570c7caa443
545,d25618d8-dad5-41a1-a411-92941f787f69,283d65eb-dd53-496d-adb7-7570c7caa443
546,235254aa-581b-4a51-bc4b-9566be39c0ba,283d65eb-dd53-496d-adb7-7570c7caa443
547,1e6e0327-47a4-4131-9958-639269a8170e,283d65eb-dd53-496d-adb7-7570c7caa443
548,4e62bae3-e0a9-498a-b366-b902e6f23f58,283d65eb-dd53-496d-adb7-7570c7caa443
549,3a348868-d99b-4f79-88e8-a6ffbc4f8828,283d65eb-dd53-496d-adb7-7570c7caa443
550,9083ee2c-ba29-4b38-8062-a1969fd78f08,283d65eb-dd53-496d-adb7-7570c7caa443
551,edb2b8b2-395e-4d4b-9fb5-e5eb902dc678,283d65eb-dd53-496d-adb7-7570c7caa443
552,c9edf74e-2aec-4fd7-aa51-03b0d04ea2ee,283d65eb-dd53-496d-adb7-7570c7caa443
553,45e70c5a-df47-487b-b041-7eadb622560c,283d65eb-dd53-496d-adb7-7570c7caa443
554,182d9ae4-18ae-4ad6-bffb-5264e40cfaa8,283d65eb-dd53-496d-adb7-7570c7caa443
555,0bee451a-40a7-40a2-8b71-8348734fe79a,283d65eb-dd53-496d-adb7-7570c7caa443
556,14741233-24e3-4807-aab3-9afc93410f13,283d65eb-dd53-496d-adb7-7570c7caa443
557,4d6437c1-3502-4f4f-9a51-5d0056115a9c,283d65eb-dd53-496d-adb7-7570c7caa443
558,ba17de96-2b36-4998-9a51-4b1402df029a,283d65eb-dd53-496d-adb7-7570c7caa443
559,bdc310e4-a811-4ca4-957c-38b34bbc5616,283d65eb-dd53-496d-adb7-7570c7caa443
560,6af35724-ac85-4ce3-a09f-761f9157b67d,283d65eb-dd53-496d-adb7-7570c7caa443
561,bb0da024-ad31-4e22-be09-f120a7f984d4,283d65eb-dd53-496d-adb7-7570c7caa443
562,73f8a822-1ff2-4600-be7c-48d85cd01433,283d65eb-dd53-496d-adb7-7570c7caa443
563,8c389f83-4e7d-49df-8c75-a7968762b560,283d65eb-dd53-496d-adb7-7570c7caa443
564,e87c5a14-6795-4ff8-89c4-5d28e7566d1c,283d65eb-dd53-496d-adb7-7570c7caa443
565,8481228c-dd9e-40bf-87d2-6042b23bc583,283d65eb-dd53-496d-adb7-7570c7caa443
566,f4aced59-2671-46e2-a7ad-5ddeb53330d8,283d65eb-dd53-496d-adb7-7570c7caa443
567,5e0db730-0f34-4e99-8512-87bd32fd9171,283d65eb-dd53-496d-adb7-7570c7caa443
568,0926f1f6-5654-45ee-a44c-c67c42ceb676,283d65eb-dd53-496d-adb7-7570c7caa443
569,a0c27da2-5f60-499f-8e8f-0a1e9d6e2ab1,283d65eb-dd53-496d-adb7-7570c7caa443
570,7cda41c3-d412-4974-be85-d5b220ddcdf6,283d65eb-dd53-496d-adb7-7570c7caa443
571,e50d1b65-4ad1-48b2-ab4e-f5d9cbbaf54e,283d65eb-dd53-496d-adb7-7570c7caa443
572,ea265774-90d6-4d83-b97e-c4e020a627d4,283d65eb-dd53-496d-adb7-7570c7caa443
573,8cf353e6-e1dc-423d-bd5d-dc4e24c08e68,283d65eb-dd53-496d-adb7-7570c7caa443
574,c355b147-b98d-45f5-b3a2-a30bbcdeb4a9,283d65eb-dd53-496d-adb7-7570c7caa443
575,55eb2383-7f87-4e12-ae3d-834b4c0a2bf0,283d65eb-dd53-496d-adb7-7570c7caa443
576,1618a3f6-5f10-4ecd-a6ba-25cb541afe29,283d65eb-dd53-496d-adb7-7570c7caa443
577,d4c5cc93-ba01-44c0-9bbf-d68e81808d43,283d65eb-dd53-496d-adb7-7570c7caa443
578,d576dab0-3f91-4be1-8a4a-de6be24c3dea,283d65eb-dd53-496d-adb7-7570c7caa443
579,8219b3df-57e8-4c34-a8c8-50dfea0071ed,283d65eb-dd53-496d-adb7-7570c7caa443
580,93958d08-e40b-4a43-a46d-529c78252c21,283d65eb-dd53-496d-adb7-7570c7caa443
581,1a8fe654-6aad-4536-a66d-c0c34f947989,283d65eb-dd53-496d-adb7-7570c7caa443
582,68b1dc6e-63f9-420e-8e9d-e6f5e0bda266,283d65eb-dd53-496d-adb7-7570c7caa443
583,effe39d2-a553-40b4-95f6-adf4505c00ba,283d65eb-dd53-496d-adb7-7570c7caa443
584,acdfed64-3d03-4baa-848c-ea9d95f435be,283d65eb-dd53-496d-adb7-7570c7caa443
585,d2ace798-776b-4d32-a1db-aa353f8adb12,283d65eb-dd53-496d-adb7-7570c7caa443
586,e02274b2-0720-4c52-9218-06185a1788cf,283d65eb-dd53-496d-adb7-7570c7caa443
587,8f2775a8-1a55-4f3c-baf8-23d91b5e6ba3,283d65eb-dd53-496d-adb7-7570c7caa443
588,674227af-0c09-4b2c-8abb-0cb0621e9af2,283d65eb-dd53-496d-adb7-7570c7caa443
589,bb604615-034a-47fc-b44c-6f80dc2ebe51,283d65eb-dd53-496d-adb7-7570c7caa443
590,43d45fa2-47ce-4b7b-b73b-602de48667ae,b1a879f6-5638-48d3-8f64-f6592c1b1561
591,0a11d6a0-b40f-42a2-99f2-893c30891b12,b1a879f6-5638-48d3-8f64-f6592c1b1561
592,fb5386a5-ba1b-45d6-acdc-129146baf085,b1a879f6-5638-48d3-8f64-f6592c1b1561
593,14c81707-82cc-4e3b-90f0-3e4ab8255573,b1a879f6-5638-48d3-8f64-f6592c1b1561
594,e0e27f91-ed51-4ae1-baef-e0d6e71ae8aa,b1a879f6-5638-48d3-8f64-f6592c1b1561
595,b38bf00a-d413-4823-8766-fc411c61d35a,b1a879f6-5638-48d3-8f64-f6592c1b1561
596,843f856b-27fb-4ab9-ad9a-1b7b473ae003,b1a879f6-5638-48d3-8f64-f6592c1b1561
597,7c954b16-0caf-48ab-b697-589b0104b745,b1a879f6-5638-48d3-8f64-f6592c1b1561
598,ca2733b1-0835-40db-80ab-4b2e576dfba6,b1a879f6-5638-48d3-8f64-f6592c1b1561
